<?xml version="1.0" encoding="UTF-8" standalone="yes"?>
<addon id="script.module.delugestream" name="DelugeStream" version="0.1.1" provider-name="HAL9000">
    <requires>
        <import addon="xbmc.python" version="2.14.0"/>
    </requires>
    <extension point="xbmc.python.pluginsource" library="index.py">
        <provides>executable</provides>
    </extension>
    <extension point="xbmc.python.module" library="lib"/>
    <extension point="xbmc.addon.metadata">
        <platform>all</platform>
    </extension>
</addon>
