<?xml version="1.0" encoding="UTF-8" standalone="yes"?>
<addon id="script.module.tvclub" name="TVClub API" version="0.2.0" provider-name="HAL9000">
    <requires>
        <import addon="xbmc.python" version="2.14.0"/>
        <import addon="script.module.requests" version="2.9.1"/>
    </requires>
    <extension point="xbmc.python.module" library="lib"/>
    <extension point="xbmc.addon.metadata">
        <summary>TVClub API</summary>
        <description lang="en">API to TVClub service</description>
        <description lang="ru">API для сервиса TVClub</description>
        <platform>all</platform>
    </extension>
</addon>
