<?xml version="1.0" encoding="UTF-8" standalone="yes"?>
<addon id="plugin.rutracker" name="RuTracker" version="0.12.1" provider-name="HAL9000">
  <requires>
    <import addon="xbmc.python" version="2.0"/>
  </requires>
  <extension point="xbmc.python.pluginsource" provides="video" library="default.py">
    <provides>video</provides>
  </extension>
  <extension point="xbmc.addon.metadata">
    <summary>Навигатор по RuTracker</summary>
    <description>Навигатор по сайту KinoPoisk и RuTracker с возможностью скачивания торрентов.</description>
    <platform>all</platform>
  </extension>
</addon>
