<?xml version="1.0" encoding="UTF-8" standalone="yes"?>
<addon id="plugin.video.visionette" name="Visionette" version="0.2.1" provider-name="HAL9000">
  <requires>
    <import addon="xbmc.python" version="2.14.0"/>
    <import addon="script.module.xbmcup" version="0.1.1"/>
  </requires>
  <extension point="xbmc.python.pluginsource" provides="video" library="default.py">
    <provides>video</provides>
  </extension>
  <extension point="xbmc.service" library="service.py" start="login"/>
  <extension point="xbmc.addon.metadata">
    <summary>Visionette TV</summary>
    <description>Навигатор по видео-архивам лучших русскоязычных СМИ.</description>
    <platform>all</platform>
  </extension>
</addon>
