<?xml version="1.0" encoding="UTF-8" standalone="yes"?>
<addon id="plugin.rutracker" name="RuTracker" version="0.18.0" provider-name="HAL9000">
  <requires>
    <import addon="xbmc.python" version="2.14.0"/>
    <import addon="script.module.delugestream" varsion="0.1.1" />
    <import addon="script.module.torrent.ts" optional="true" />
  </requires>
  <extension point="xbmc.python.pluginsource" provides="video" library="default.py">
    <provides>video</provides>
  </extension>
  <extension point="xbmc.addon.metadata">
    <summary lang="en">RuTracker + KinoPoisk</summary>
    <description lang="en">You can search KinoPoisk and RuTracker and download torrents.</description>
    <summary lang="ru">Навигатор по RuTracker</summary>
    <description lang="ru">Навигатор по сайту KinoPoisk и RuTracker с возможностью скачивания торрентов.</description>
    <platform>all</platform>
  </extension>
</addon>
