<?xml version="1.0" encoding="UTF-8" standalone="yes"?>
<addon id="plugin.video.mymagictv" name="myMAGicTV" version="1.1.0" provider-name="HAL9000">
    <requires>
        <import addon="xbmc.python" version="2.14.0"/>
        <import addon="script.module.xbmcup" version="0.2.1"/>
        <import addon="script.module.requests" version="2.12.4"/>
    </requires>
    <extension point="xbmc.python.pluginsource" provides="video" library="video.py">
        <provides>video</provides>
    </extension>
    <extension point="xbmc.service" library="service.py" start="login"/>
    <extension point="xbmc.addon.metadata">
        <summary>myMAGicTV</summary>
        <description lang="en">Add-on to myMAGicTV service</description>
        <description lang="ru">Плагин для сервиса myMAGicTV</description>
        <platform>all</platform>
    </extension>
</addon>
